Investor,Count
Accel,64
Andreessen Horowitz,59
Tiger Global Management,56
Sequoia Capital,53
Insight Partners,53
Sequoia Capital China,48
General Catalyst,41
Lightspeed Venture Partners,40
SoftBank Group,35
Index Ventures,32
General Atlantic,31
Tencent Holdings,31
Bessemer Venture Partners,29
IDG Capital,27
Google Ventures,27
New Enterprise Associates,25
Coatue Management,24
Y Combinator,23
Sequoia Capital India,23
DST Global,22
Kleiner Perkins Caufield & Byers,22
Khosla Ventures,20
Founders Fund,19
Battery Ventures,18
Norwest Venture Partners,17
Thrive Capital,17
Qiming Venture Partners,17
GGV Capital,17
Greylock Partners,16
Goldman Sachs,16
CRV,15
Bain Capital Ventures,15
Redpoint Ventures,13
Greycroft,12
Institutional Venture Partners,12
Matrix Partners China,12
Warburg Pincus,12
Benchmark,12
Qualcomm Ventures,12
BlackRock,11
Blackstone,11
Hillhouse Capital Management,11
Global Founders Capital,11
KKR,10
Technology Crossover Ventures,10
Temasek,10
Venrock,10
Spark Capital,10
Foundation Capital,10
Ribbit Capital,10
Initialized Capital,9
FirstMark Capital,9
Salesforce Ventures,9
Matrix Partners,9
ICONIQ Capital,9
DCM Ventures,9
QED Investors,8
Zeev Ventures,8
Alibaba Group,8
Atomico,8
Coinbase Ventures,8
M12,8
Menlo Ventures,8
8VC,8
Softbank Group,8
Madrona Venture Group,8
Sound Ventures,7
Shunwei Capital Partners,7
Valar Ventures,7
Nexus Venture Partners,7
Fifth Wall Ventures,7
Scale Venture Partners,7
ZhenFund,7
Caffeinated Capital,7
Pitango Venture Capital,7
Advent International,7
Intel Capital,7
Balderton Capital,7
Tencent,6
GS Growth,6
Kaszek Ventures,6
Georgian Partners,6
Jump Capital,6
Creandum,6
Paradigm,6
Summit Partners,6
D1 Capital Partners,6
Dell Technologies Capital,6
capitalG,6
Union Square Ventures,6
Data Collective,6
Northzone Ventures,6
Matrix Partners India,5
Accomplice,5
T. Rowe Price,5
Viking Global Investors,5
Craft Ventures,5
Silversmith Capital Partners,5
Forerunner Ventures,5
Accel Partners,5
Eurazeo,5
Baidu,5
Pantera Capital,5
Source Code Capital,5
Meritech Capital Partners,5
Left Lane Capital,5
Threshold Ventures,5
American Express Ventures,5
Trinity Ventures,5
Aleph,5
Lux Capital,5
Silver Lake,5
Alven Capital,5
Two Sigma Ventures,5
Upfront Ventures,5
Uncork Capital,5
Monashees+,5
Linear Venture,5
Prosus Ventures,5
Polychain Capital,5
Bond,5
Breakthrough Energy Ventures,4
The Carlyle Group,4
Insight Venture Partners,4
March Capital Partners,4
IA Ventures,4
SignalFire,4
BMW i Ventures,4
IDInvest Partners,4
Foundry Group,4
Shenzhen Capital Group,4
Goodwater Capital,4
Chiratae Ventures,4
WestBridge Capital,4
Sierra Ventures,4
Comcast Ventures,4
Jackson Square Ventures,4
Commerce Ventures,4
OMERS Ventures,4
Citi Ventures,4
Ignition Partners,4
Eight Roads Ventures,4
PayPal Ventures,4
Lerer Hippeau,4
Horizons Ventures,4
Endeavor,4
Goldman Sachs Asset Management,4
Canaan Partners,4
Stripes Group,4
Crosslink Capital,4
Felicis Ventures,4
Capital Today,4
Highland Capital Partners,4
Munich Re Ventures,4
F-Prime Capital,4
Clocktower Technology Ventures,4
Sutter Hill Ventures,4
Addition,4
Eastern Bell Capital,4
Lakestar,4
83North,4
Sapphire Ventures,4
Temasek Holdings,4
Storm Ventures,4
CDH Investments,3
Passion Capital,3
Access Industries,3
500 Startups,3
Blue Cloud Ventures,3
Northern Light Venture Capital,3
Legend Capital,3
Altimeter Capital,3
Mayfield Fund,3
Greenoaks Capital Management,3
Blackbird Ventures,3
Oak HC/FT Partners,3
WestCap Group,3
Novator Partners,3
GSV Ventures,3
Elevation Capital,3
DFJ Growth Fund,3
Yunfeng Capital,3
Innovation Endeavors,3
Mayfield,3
Hanaco Venture Capital,3
Golden Gate Ventures,3
Falcon Edge Capital,3
GSR Ventures,3
FTV Capital,3
Point72 Ventures,3
Morningside Venture Capital,3
Susquehanna Growth Equity,3
RRE Ventures,3
ICONIQ Growth,3
Eclipse Ventures,3
Alpha JWC Ventures,3
Thoma Bravo,3
Blume Ventures,3
Mithril Capital Management,3
Shasta Ventures,3
AltaIR Capital,3
Felix Capital,3
Kalaari Capital,3
G Squared,3
Softbank,3
Boyu Capital,3
Lightspeed India Partners,3
Baillie Gifford & Co.,3
Franklin Templeton,3
Hedosophia,3
5Y Capital,3
Playground Global,3
Formation 8,3
Vista Equity Partners,3
Javelin Venture Partners,3
Obvious Ventures,3
AME Cloud Ventures,3
Bertelsmann India Investments,3
Tao Capital Partners,3
Helion Venture Partners,3
L Catterton,3
TLV Partners,3
Dragoneer Investment Group,3
Sands Capital,3
Gaorong Capital,3
Blackrock,3
Vertex Ventures,3
next47,3
Tribe Capital,3
Homebrew,3
Pelion Venture Partners,3
Blumberg Capital,3
Emergence Capital Partners,3
Aglae Ventures,3
Partech Partners,3
BOLDstart Ventures,3
TPG Growth,3
Wing Venture Capital,3
Koch Disruptive Technologies,3
Earlybird Venture Capital,3
Jungle Ventures,3
Vision Plus Capital,3
SIG Asia Investments,3
Lightrock,3
Target Global,3
VY Capital,3
Durable Capital Partners,3
Trustbridge Partners,3
K2VC,3
Flybridge Capital Partners,3
B Capital Group,3
Highland Europe,3
Valor Capital Group,3
First Round Capital,3
Tenaya Capital,3
Revolution Growth,2
Kibo Ventures,2
IMM Investment,2
Moore Strategic Ventures,2
SingTel Innov8,2
Aspect Ventures,2
Tiger Global,2
Greyhound Capital,2
The Rise Fund,2
Industry Ventures,2
Geely,2
Square Peg Capital,2
Blockchain Capital,2
Green Pine Capital Partners,2
Alaska Permanent Fund,2
Invus Group,2
Version One Ventures,2
EQT Partners,2
TDM Growth Partners,2
The Column Group,2
TPG Capital,2
Ardian,2
Fidelity Investment,2
Genesis Partners,2
True Ventures,2
Fifty Years Fund,2
GreatPoint Ventures,2
Soros Fund Management,2
Chicago Ventures,2
China Media Group,2
Refactor Capital,2
Viola Ventures,2
The Raine Group,2
AirTree Ventures,2
Bertelsmann Asia Investments,2
Guangzhou Huiyin Aofeng Equity Investment Fund,2
Inspired Capital,2
SAIF Partners China,2
Elaia Partners,2
e.ventures,2
K2 Ventures,2
BEENEXT,2
Alexandria Venture Investments,2
Qatar Investment Authority,2
Foresite Capital,2
Alta Partners,2
Iris Capital,2
Bling Capital,2
Moore Capital Management,2
Pritzker Group Venture Capital,2
Fabric Ventures,2
Cherry Ventures,2
500 Global,2
Altos Ventures,2
Liberty City Ventures,2
Tiantu Capital,2
Hyde Park Venture Partners,2
ClalTech,2
ARCH Venture Partners,2
Eldridge,2
Softbank Ventures Asia,2
Undisclosed,2
Lightspeed China Partners,2
CRE Venture Capital,2
Investment Corporation of Dubai,2
SBI Investment,2
Banyan Capital,2
Bedrock Capital,2
Notion Capital,2
BlueRun Ventures,2
QiMing Venture Partners,2
SAIF Partners India,2
BRV Capital Management,2
Costanoa Ventures,2
Contour Venture Partners,2
NFX,2
Future Ventures,2
CVC Capital Partners,2
Vintage Investment Partners,2
Redpoint Ventures China,2
Fidelity Investments,2
Morningside Ventures,2
Bain Capital Tech Opportunities,2
CreditEase Fintech Investment Fund,2
TTV Capital,2
SOSV,2
Digital Currency Group,2
Canapi Ventures,2
Holtzbrinck Ventures,2
Artiman Ventures,2
Plug and Play Ventures,2
American Family Ventures,2
58.com,2
Sequoia Capital Israel,2
Hopu Investment Management,2
OpenView Venture Partners,2
Anthemis,2
Spectrum Equity,2
Trifecta Capital,2
Energy Impact Partners,2
Circle Ventures,2
Silverton Partners,2
Maveron,2
Xingwang Investment Management,2
Venture Highway,2
Bezos Expeditions,2
Mubadala Capital,2
Maersk Growth,2
Ant Financial Services Group,2
International Finance Corporation,2
Google,2
Point Nine Capital,2
BoxGroup,2
Atinum Investment,2
Huagai Capital,2
Walden International,2
Volkswagen Group,2
Glory Ventures,2
Resolute Ventures,2
Redalpine Venture Partners,2
14W,2
LocalGlobe,2
Max Ventures,2
Omidyar Network,2
Meituan Dianping,2
Flint Capital,2
3one4 Capital Partners,2
Amadeus Capital Partners,2
China Grand Prosperity Investment,2
Vostok New Ventures,2
RiverPark Ventures,2
Slow Ventures,2
Kinnevik,2
General Catalyst Partners,2
Xiang He Capital,2
GIC,2
Redpoint e.ventures,2
Activant Capital,2
Riverwood Capital,2
Lowercase Capital,2
Sixth Street Partners,2
Polaris Partners,2
Bloomberg Beta,2
Next World Capital,2
SoftBank Latin America Fund,2
10T Fund,2
PSG,2
Slack Fund,2
Connect Ventures,2
Stripe,2
SDIC CMC Investment Management,2
TA Associates,2
Origin Ventures,2
Ten Eleven Ventures,2
Liberty Global Ventures,2
Ant Group,2
Galaxy Interactive,2
IDG Capital Partners,2
SC.Holdings,2
M13,2
Shea Ventures,2
NextView Ventures,2
Eniac Ventures,2
Rembrandt Venture Partners,2
Providence Equity Partners,2
Susa Ventures,2
Daphni,2
Draper Esprit,2
s28 Capital,2
Social Capital,2
Jiangsu Sha Steel Group,2
XVC Venture Capital,2
RedBird Capital Partners,2
Russia-China Investment Fund,2
China Creation Ventures,2
Adams Street Partners,2
GF Xinde Investment Management Co.,2
Sinovation Ventures,2
Drive Capital,2
Unicom Innovation Venture Capital,2
Owl Ventures,2
Cowboy Ventures,2
MoreVC,2
Anthos Capital,2
Splunk Ventures,2
Alumni Ventures Group,2
Cisco Investments,2
Fireside Ventures,2
3L,2
Moderne Ventures,2
Hummingbird Ventures,2
BGF Ventures,2
Samsung Ventures,2
Capricorn Investment Group,2
Alkeon Capital Management,2
Sina Weibo,2
S Capital,2
Founder Collective,2
Tiger Global management,2
Camber Creek,2
FJ Labs,2
Speedinvest,2
Amplify Partners,2
Bain Capital,2
Vertex Ventures SE Asia,2
TriplePoint Capital,2
Aviation Industry Corporation of China,2
Uniqa Ventures,2
Intact Ventures,1
HV Capital,1
Rakuten Ventures,1
LRVHealth,1
Not Boring Capital,1
Opus Capital,1
Kaiser Permanente Ventures,1
Bolt Ventures,1
Sunstone Capital,1
Endeavour Vision,1
China Internet Investment Fund,1
BBVA,1
Maniv Mobility,1
"Khosla Ventures,",1
BOND,1
JSW Ventures,1
US Venture Partners,1
Rocketship.vc,1
iNovia Capital,1
Four Rivers Group,1
BlueCross BlueShield Venture Partners,1
Ally Bridge Group,1
Tiantu Capital Co.,1
Newsion Venture Capital,1
Kindred Capital,1
STORY3 Capital Partners,1
DAG Ventures,1
TowerBrook Capital Partners,1
Propel Venture Partners,1
Base10 Partners,1
AXA Venture Partners,1
DESUN Capital,1
Sigma Prime Ventures,1
Broom Ventures,1
Anthem Venture Partners,1
Wavemaker Partners,1
	Frontier Ventures,1
Marchmont Ventures,1
China Minsheng Investment Group,1
 CMFG Ventures,1
Elevar Equity,1
Edison Partners,1
VentureLink,1
We Capital,1
China Culture Industrial Investment Fund,1
Evolution Equity Partners,1
Company K Partners,1
Ivy Capital,1
Meridian Capital,1
Simon Equity Partners,1
 Monashees+,1
Group11,1
Galeo Ventures,1
Tengelmann Ventures,1
"Mangrove Capital Partners,14W. ForgeLight",1
Auriga,1
Lone Pine Capital,1
Signal Peak Ventures,1
Advantech Capital,1
Temasek Holdings Ltd.,1
Accelm Scania Growth Capital,1
Mithril,1
Delta Capital,1
CR Capital Mgmt,1
Nirvana Venture Advisors,1
Newpath Partners,1
Advancit Capital,1
Lenovo Capital and Incubator,1
Group GSR Ventures,1
Utrust Venture Capital,1
SWaN & Legend Ventures,1
Kefa Capital,1
Dark Horse Technology Group,1
Chuanrong Capital,1
Gaocheng Capital,1
Quadrille Capital,1
Mayfair Equity Partners,1
Draper Fisher Jurtson,1
Mitsubishi Corporation,1
RPM Ventures,1
Nordic Capital,1
Dynamo VC,1
MassMutual Ventures,1
CVS Health,1
	Lightspeed Venture Partners,1
Inspiration Ventures,1
Carrick Capital Partners,1
Perpetual Investors,1
Presidio Ventures,1
ICG,1
Motive Partners. Apollo Global Management,1
	CRV,1
Brainchild Holdings,1
Nextech Invest,1
TSG Consumer Partners,1
Casdin Capital,1
Unkork Capital,1
Trane Technologies,1
UiPath Ventures,1
Banner Ventures,1
Honeywell,1
Leta Capital,1
Cool Japan Fund,1
Framework Ventures,1
Dila Capital,1
Struck Capital,1
Outrun Ventures,1
JAFCO,1
Wamda Capital,1
CMC Capital Partners,1
SAP.iO Fund,1
Primitive Forest Holdings Group,1
Yuanda Venture Investment,1
Sunley House Capital Management,1
UNITY VENTURES,1
L'Occitane,1
Material Impact,1
Insights Partners,1
Spotify,1
JD Digits,1
CMFG Ventures,1
Crowdcube,1
China Reform Fund,1
Gaopeng Capital,1
N5 Capital,1
H Capital,1
Jinhui Xingye,1
Lazada,1
Sinar Mas Indonesia,1
Valo Ventures,1
SoGal Ventures,1
Next Coast Ventures,1
GE Healthcare,1
Forestay Capital,1
York Capital Management,1
Alumni Ventures,1
NTT DoCoMo Ventures,1
Prologis Ventures,1
3x5 Special Opportunity Partners,1
Far East Horizon,1
Chromo Invest,1
Yaxia Automobile,1
Kraken Ventures,1
Operator Collective,1
Epiq Capital,1
Walden Venture Capital,1
INGKA Investments,1
Investcorp,1
FTX Venture,1
Summer Capital,1
Better Tomorrow Ventures,1
Wipro Ventures,1
Flourish Ventures,1
GLP Capital Partners,1
	Source Code Capital,1
Mendacre,1
Liquid 2 Ventures,1
Verizon Ventures,1
Anthermis,1
CDIB Capital,1
Global Logistic Properties,1
Afore Capital,1
Floodgate,1
IvyCap Ventures,1
OLX Group,1
Beijing Juneng Hesheng Industry Investment Fund,1
Plum Alley,1
Dynamic Parcel Distribution,1
Monk's Hill Ventures,1
iVision Ventures,1
Yunqi Partners,1
Amasia,1
Juxtapose,1
SDP Investment,1
Beijing Shuju Xinrong Fund,1
Female Founders Fund,1
Oak Investment Partners,1
Visa Ventures,1
NightDragon Security,1
Vivo Capital,1
Microsoft,1
Insignia Ventures Partners,1
Tru Arrow Partners,1
The Times Group,1
GMO VenturePartners,1
IAG Capital Partners,1
Augmentum Fintech,1
Vitruvian Partners,1
Merieux Equity Partners,1
Straumann,1
FreesFund,1
Hearst Ventures,1
Leaders Fund,1
468 Capital,1
Korea Investment Private Equity,1
Korea Investment Partners,1
Acero Capital,1
Equal Ventures,1
NetEase Capital,1
Madera Technology Partners,1
AU21,1
Griffin Gaming Partners,1
TDK Ventures,1
NIO Capital,1
Cadenza Ventures,1
BlockTower Capital,1
Smilegate Investment,1
DSC Investments,1
KTB Ventures,1
Flagship Pioneering,1
Cobalt Capital,1
Danhua Capital,1
MSA Capital,1
XBTO Ventures,1
Raven One Ventures,1
SK Ventures,1
China Capital Investment Group,1
"Hyde Park Venture Partners,	FundersClub. Bain Capital Ventures",1
Bregal Sagemount,1
Dragonfly Captial,1
Johnson & Johnson Innovation,1
Optum Ventures,1
Transformation Capital,1
Delian Capital,1
China International Capital Corporation,1
Pereg Ventures,1
Team8,1
Day One Ventures,1
Peterson Ventures,1
Advance Venture Partners,1
Lupa Systems,1
	Summit Partners,1
Grand Flight Investment,1
"Khosla Ventures,General Catalyst",1
Victory Park Capital,1
Varengold Bank,1
Liberty Strategic Capital,1
Eden Global Partners,1
Wildcat Capital Management,1
Tola Capital,1
Green Bay Ventures,1
Prime Movers Lab,1
I Squared Capital,1
Trellis Partners,1
Primary Venture Partners,1
Harmonic Growth Partners,1
FTX Ventures,1
Japan Industrial Partners,1
Impact Investment Capital,1
NEC,1
Circularity Capital,1
U.S. Venture Partners,1
Coparion,1
Tull Investment Group,1
Emergence Capital,1
iSeed Ventures,1
Buckley Ventures,1
K Fund,1
AMF Pensionsforsakring,1
Sinar Mas Digital Ventures,1
JIC Venture Growth Investments,1
Gaja Capital Partners,1
Stakeboat Capital,1
Hyde Park Angels,1
Boost VC,1
Draper Associates,1
dRx Capital,1
Baleen Capital,1
Cathay Innovation,1
Apax Partners,1
NJF Capital,1
Paladin Capital Group,1
Navitas Capital,1
RRE Ventures+,1
Prysm Capital,1
Danone Manifesto Ventures,1
1955 Capital,1
NewAlpha,1
XAnge Private Equity,1
Triangle Peak Partners,1
CyberStarts,1
Alpargatas,1
Nine Intelligence Capital,1
Guggenheim Investments,1
First Ascent Ventures,1
Fasanara Capital,1
JBV Capital,1
Array Ventures,1
AWZ Ventures,1
Endiya Partners,1
Next Play Ventures,1
Zeal Capital Partners,1
Multicoin Capital,1
Dragonfly Capital Partners,1
NGP Capital,1
Eleven Ventures,1
Lemniscap VC,1
North Island Ventures,1
Hanaco Ventures,1
STRIVE,1
Cox Enterprises,1
Ballast Point Ventures,1
Ideal International,1
Wanxin Media,1
Railway Pension Trustee Co. Ltd.,1
Toba Capital,1
Spring Ventures,1
SoftBankGroup,1
Passport Capital,1
Rho Ventures,1
Shima Capital,1
Softbank Corp.,1
Sherpalo Ventures,1
Silver Lake Partners,1
New Horizon Capital,1
Ventech China,1
Ping An Insurance,1
China Minsheng Investment,1
Silverlink Capital,1
Princeville Global,1
Hinduja Group,1
Vcanbio,1
Insights Venture Partners,1
Berkshire Partners,1
Standard Chartered,1
FinSight Ventures,1
Affirma Capital,1
Blue Label Telecoms,1
Net1 UEPS Technologies,1
Co-Energy Finance,1
Grandland,1
K2 Global,1
ING,1
Alibaba Entrepreneurs Fund,1
Beyond Net Zero,1
Astorg Partners,1
Fosun RZ Capital,1
Nichi-Iko Pharmaceutical,1
Robert Bosch Venture Capital,1
SeptWolves Ventures,1
QF Capital,1
QC Capital,1
AF Ventures,1
Siddhi Capital,1
Inflexion Private Equity,1
Trifecta Capital Advisors,1
Stellaris Venture Partners,1
Rich Land Capital,1
Merrysunny Wealth,1
FundersClub,1
	01 Advisors,1
Lindeman Asia Investment,1
Aviv Venture Capital,1
OGCI Climate Investments,1
Shell Ventures,1
Gopher Asset Management,1
Shanghai Electric Group,1
Tusk Ventures,1
BDC Capital,1
Georgian,1
Bualuang Ventures,1
Placeholder Capital,1
Binance Ventures,1
Mouro Capital,1
Gramercy Ventures,1
LEAP Global Partners,1
Cervin Ventures,1
Meson Capital Partners,1
Ginko Ventures,1
Oceanwide Holdings,1
E Fund,1
DFJ DragonFund,1
Centralway,1
Bright Venture Capita,1
Aspenwood Ventures,1
KCK Group,1
EXOR Seeds,1
One Equity Partners,1
True,1
Causeway Media Partners,1
Sozo Ventures,1
MMC Ventures,1
Unilever Ventures,1
WRVI Capital,1
Francisco Partners,1
Wellington Management,1
SCB 10X,1
Teamworthy Ventures,1
Krungsri Finnovate,1
eWTP Capital,1
C5 Capital,1
Hemisphere Ventures,1
The Venture Collective,1
Bojiang Capital,1
Hongdao Capital,1
Mobai Capital,1
Qualgro,1
"B Capital Group,",1
GE Ventures,1
McKesson Ventures,1
Hundreds Capital,1
Yinhong Equity Investment Fund,1
Summerhill Venture Partners,1
Partners Investment,1
Shenzhen Qianhe Capital Management Co.,1
U.S.-China Green Fund,1
V Star Capital,1
Haitong Leading Capital Management,1
China Investment Corporation,1
Silicon Valley Bank,1
European Founders Fund,1
Innova Capital - FIP,1
3G Capital Management,1
One Luxury Group,1
China Broadband Capital,1
Prometheus Capital,1
JD Capital Management,1
SDIC Innovation Investment Management,1
Shang Qi Capital,1
GCP Capital Partners,1
Founder H Fund,1
SBI Investment Korea,1
Richland Equities,1
China Everbright Limited,1
iFLYTEK,1
Georgian Co-Investment Fund,1
iTech Capital,1
Galaxy Digital,1
UBS Asset Management,1
Astanor Ventures,1
BOC International,1
TopoScend Capital,1
Hongxiu VC,1
China Prosperity Capital,1
TAL Education Group,1
Legend Star,1
Mirae Asset Capital,1
Maverick Ventures Israel,1
	T. Rowe Price,1
VentureTech,1
Cocnord Health Partners,1
Future Perfect Ventures,1
Alliance Consumer Growth,1
Imaginary Ventures,1
Microsoft ScaleUp,1
East Ventures,1
Expedia Inc.,1
CPP Investment Board,1
Unternehmertum Venture Capital,1
ConsenSys Ventures,1
PUC,1
Cambridge Innovation Capital,1
LGT Capital Partners,1
Escala Capital,1
Grayhawk Capital,1
Iconiq Capital,1
Brookfield Asset Management,1
Atlantic Food Labs,1
Standard Crypto,1
Uniion Square Ventures,1
Lightspeed Venture Capital,1
BMO Capital,1
Schonfeld Strategic Advisors,1
Green Visor Capital,1
Tiger Brokers,1
Bnk To The Future,1
Trammell Ventures,1
Google Capital,1
Alibaba Pictures Group,1
Puluo Capital,1
Kenetic Capital,1
and Sequoia Capital China,1
New Leaf Venture Partners,1
Charter Venture Capital,1
Casa Verde Capital,1
Gron Ventures,1
Thrity Five Ventures,1
Webb Investment Network,1
Valor Equity Partners,1
New Era Ventures,1
Wonder Ventures,1
01 Advisors. Kleiner Perkins Caufield & Byers. Andreessen Horowitz,1
Promus Ventures,1
NewView Capital,1
Ridge Ventures,1
Activant Capital Group,1
Kuang-Chi,1
HCA Healthcare,1
Airbus Ventures,1
Caisse de depot et placement du Quebec,1
DN Capital,1
VebVentures,1
Noshaq,1
Sofinnova Partners,1
China Environmental Protection Industry,1
China Fortune Ocean,1
JTC Group,1
China State Capital Venture Capital Fund,1
Quantum Energy Partners,1
Midea Capital,1
China Health Industry Investment Fund,1
Coatue Managemeny,1
Kae Capital,1
National Grid Partners,1
The Blue Venture Fund,1
Flare Capital Partners,1
Longitude Capital,1
Neuberger Berman,1
Osage University Partners,1
Malabar Investments,1
Loeb.NYC,1
GIC. Apis Partners,1
RTP Global,1
Go-Ventures,1
Romulus Capital,1
Wakefield Group,1
Info Edge,1
Softbank Capital,1
Lockheed Martin Ventures,1
Hillsven Capital,1
Fidelity Investments. RedBird Capital Partners,1
Roche Venture Fund,1
Octopus Ventures,1
CommerzVentures,1
NXC,1
V FUND,1
Revolution,1
Caterpillar,1
Relay Ventures,1
HarbourVest Partners,1
Tus Holdings,1
Route 66 Ventures,1
FAW Group,1
Portag3 Ventures,1
Blue Lake Capital,1
Makers Fund,1
Inova Ventures Participacees,1
HD Capital,1
Qihoo 360 Technology,1
China Fortune Land Development,1
Scentan Ventures,1
Kite Ventures,1
Forest Partners,1
British Patient Capital,1
SEB Venture Capital,1
IQ Capital,1
Motive Partners,1
Piton Capital,1
Goldcrest Capital,1
Core Capital Partners,1
Liberty Gloval Ventures,1
Vertex Ventures Israel,1
Emerge,1
JD.com,1
Big Bets,1
SOFTBANK Latin America Ventures,1
Lifeline Ventures,1
MSD Capital,1
BHP Ventures,1
Rhone Capital,1
China Renaissance,1
"Insight Partners,Menlo Ventures",1
Cercano Management,1
Tencent Investment,1
Astral Capital,1
Vattenfall,1
Nor-Cal Invest,1
Nintendo,1
Pokemon Company International,1
"Sequoia Capital India,Lightspeed India Partners",1
Mountain Nazca,1
Benhcmark,1
Nortzone Ventures,1
Picus Capital,1
Revolution Ventures,1
Bain Capital Credit,1
Didi Chuxing,1
Diamler,1
TMT Investments,1
01 Advisors,1
Group 11,1
T. Rowe Associates,1
Lightbank,1
Kaalari Capital,1
Steadview Capital,1
OrbiMed Advisors,1
Highland Capital Management,1
Ford Autonomous Vehicles,1
Morgan Creek Digital,1
Marcy Venture Partners,1
Morningside Group,1
BA Capital,1
North Bridge Growth Equity,1
Electric Capital,1
ES Ventures,1
Draper Fisher Jurvetson,1
Rothenberg Ventures,1
LowercaseCapital,1
Collaborative Fund,1
index Ventures,1
Smash Ventures,1
Warbug Pincus,1
Longfor Capitalm,1
Venture51,1
Spar Capital,1
Thirty Five Ventures,1
Breyer Capital,1
Vickers Venture Partners,1
IKEA GreenTech,1
BDT Capital Partners,1
Davidson Kempner Capital Management,1
Revo Capital,1
LTW Capital,1
Essence Financial,1
Accel India,1
SAIF Partners,1
MindWorks Ventures,1
GX Capital,1
DJF,1
Draft Ventures,1
Upper90,1
Jump Crypto,1
Third Point,1
Skip Capital,1
TVS Capital,1
Oriza Equity Investment,1
"Advent International,General Catalyst,Insight Partners",1
Providence Ventures,1
Ontario Teachers' Pension Plan,1
Burda Principal Investments,1
Orange Digital Ventures,1
Goldstone Investments,1
Seedcamp,1
PremjiInvest,1
Atop Capital,1
Geodesic Capital,1
Wincove,1
TDR Capital,1
iFly,1
CJ ENM,1
Foxconn Technology Company,1
Starr Investment Holdings,1
Hellman & Friedman,1
JMI Equity,1
TQ Ventures,1
Bond Capital,1
Ascension Ventures,1
Kleiner Perkins Caulfield & Byers,1
Pear,1
Energize Ventures,1
	ICONIQ Capital,1
Fairfax Financial Holdings,1
A91 Partners,1
Founders,1
Silk Road Huacheng,1
"Bank Of China Group Investment,",1
Asset Management Ventures,1
BPI France,1
Kerala Ventures,1
Barter Ventures,1
MenloVentures,1
Warmsun Holding,1
Pine Brook,1
UBS,1
Borui Capital,1
Huasheng Capital,1
A&E Television Networks,1
Maverick Ventures,1
Founders Fund. Accel,1
Credit Suisse,1
Runa Capital,1
Acton Capital Partners,1
Baidu Capital,1
3i Group,1
LeapFrog Investments,1
Clermont Group,1
Coltrane Asset Management,1
Toscafund Asset Management,1
Andalusian Capital Partners,1
Capital One Growth Ventures,1
India Quotient,1
Lead Edge Capital,1
Artis Ventures,1
Quona Capital,1
Knox Lane,1
Ainge Advisory,1
Carlson Private Capital Partners,1
Launchpad Venture Group,1
Verissimo Ventures,1
	Andreessen Horowitz,1
IFC,1
Ajinomoto,1
Oakhouse Partners,1
Bjarke Ingels Group,1
Guiyang Venture Capital,1
Longfor Capital,1
CAOGENZHIBEN GROUP,1
Guozhong Venture Capital Management,1
Oriental Fortune Capital,1
Centurium Capital,1
Cedarlake Capital,1
CE-Ventures,1
BECO Capital,1
Nordstar,1
"Alibaba Group,Co-Stone Venture Capital",1
Buhuo Venture Capital,1
Norma Investments,1
Mundi Ventures,1
Doqling Capital Partners,1
Kairos HQ,1
DILA Capital,1
Founders Capital,1
MPM Capital,1
Astellas Venture Management,1
F2 Ventures,1
BaltCap,1
TI Platform Management,1
Volkswagen,1
"Menlo Ventures,Crosslink Capital",1
.406 Ventures,1
Transamerica Ventures,1
Crane Venture Partners,1
Geekdom Fund,1
Gobi Partners,1
Ondine Capital,1
Crossbeam Venture Partners,1
Huobi Ventures,1
Boxin Capital,1
DT Capital Partners,1
Jove Equity Partners,1
Alpha Wave Global,1
Cybernaut Growth Fund,1
Yabeo Capital,1
Vulcan Capital,1
GAM Holding,1
People Electrical Appliance Group China,1
Zhongrong International Trust,1
enaya Capital,1
OMERS Private Equity,1
IndexVentures,1
Altitude Life Science Ventures. T. Rowe Price,1
Morningside Venture Partners,1
Aker,1
HOF Capital,1
World Innovation Lab,1
Light Street Capital,1
QiMing Venture Partnersl,1
China Everbright Investment Management,1
Expa,1
Metaplanet,1
Sram & Mram Group,1
Marshland Capital,1
Longzhu Capital,1
CSC Group,1
Marathon Venture Partners,1
Ding Xiang Capital,1
New Hope Fund,1
Sino-Ocean Capital,1
Taigang Venture Capital,1
"Temasek,	BUILD Capital Partners",1
	Northzone Ventures,1
China Life Investment Holding Company,1
Kickstart Fund,1
Bonfire Ventures,1
Newion Partners,1
SmartFin Capital,1
Doha Venture Capital,1
BNP Paribas,1
Phoenix New Media,1
Tianjin Haihe Industry Fund,1
Seaya Ventures,1
Otter Rock Capital,1
Rakuten,1
SF Holding Co,1
STO Express,1
Lightbox Ventures,1
Entree Capital,1
Global Emerging Markets,1
Matrix Partmers,1
Yinxinggu Capital,1
Builders VC,1
JOY Capital,1
Madrone Capital Partners,1
Mangrove Capital Partners,1
Rubicon Technology Partners,1
Inclusive Capital Partners,1
Moonshots Capital,1
Blu Venture Investors,1
Deciens Capital,1
Korelya Capital,1
Amiti Ventures,1
VGames,1
Charoen Pokphand Group,1
Bow Wave Capital,1
Nyca Partners,1
GoldenTree Asset Management,1
ION Crossover Partners,1
Brighton Park Capital,1
Workday Ventures,1
SV Angel,1
SingulariTeam,1
BP Ventures,1
First Light Capital Group,1
	Human Capital,1
Fontinalis Partners,1
Sodexo Ventures,1
DeFi Technologies,1
Hypersphere Ventures,1
AllegisCyber Capital,1
DataTribe,1
Harrison Metal,1
TPG Alternative & Renewable Technologies,1
Magma Venture Partners,1
Qumra Capital,1
Hongtai Capital Holdings,1
World Lab Innovation,1
Jerusalem Venture Partners,1
Israel Growth Partners,1
CMB International Capital,1
Vision Knight Capital,1
Tomales Bay Capital,1
Bain & Company,1
frst,1
Kima Ventures,1
Genesis Capital,1
MaC Venture Capital,1
FinVC,1
Alta Ventures Mexico,1
SoftBank Group. Monashees+,1
Gradient Ventures,1
A&NN,1
Rusnano,1
SciFi VC,1
Japan Post Capital,1
Globis Capital Partners,1
D1 Capita Partners,1
Rethink Impact,1
Work-Bench,1
Xiaomi,1
Ireland Strategic Investment Fund,1
Bank of China,1
Baseline Ventures,1
China Construction Bank,1
Section 32,1
Eastern Bell Capital 32,1
Sixth Street Growth,1
Zhangjiang Haocheng Venture Capital,1
Deer Park Road,1
Altamont Capital Partners,1
Baidu Ventures,1
Sway Ventures,1
One Peak Partners,1
Valiant Capital Partners,1
Streamlined Ventures,1
CVF Capital Partners,1
Dragonfly Capital,1
BAI Capital,1
Molten Ventures,1
Contrarian Ventures,1
Hitachi Ventures,1
L Capital Partners,1
ACE & Company,1
SEEK,1
August Capital,1
Zheshang Venture Capital,1
GP Capital,1
Western Capital Management,1
Toyota Motor Corporation,1
Mizuho Financial Group,1
FANUC,1
FutureX Capital,1
Quiet Capital,1
White Star Capital,1
Almaz Capital Partners,1
btov Partners,1
Automobile Industry Guidance Fund,1
ATP Investment,1
kt investment,1
Fashion Tech Lab,1
Vast Ventures,1
Gunosy Capital,1
Das Capital,1
Apeiron Investment Group,1
Shanghai Puyin Industry,1
Funa Yuanchuang Technology,1
BDC Venture Capital,1
Eleation Capital,1
Avenir Growth Capital,1
Winklevoss Capital,1
YL Ventures,1
Chengwei Capital,1
Global Asset Capital,1
Questa Capital,1
Echo Health Ventures,1
Sageview Capital,1
Samsung NEXT,1
CVS Health Partners,1
Altitude Life Science Ventures,1
A16z Crypto,1
Variant Fund,1
OpenSpace Ventures,1
Declaration Partners,1
Sky9 Capital,1
Hony Capital,1
Siam Commercial Bank,1
Ayala Corporation,1
K9 Ventures,1
Gauss Ventures,1
Ventura Capital,1
dmg ventures,1
Oryzn Capital,1
EQT Ventures,1
Green Innovations,1
Maverick Capital,1
DC Thomson Ventures,1
Breega Capital,1
360 Capital Partners,1
SEED Capital,1
Yuanta Investment Korea,1
Socii Capital,1
North Bridge Venture Partners,1
Betaworks Ventures,1
Porsche,1
	InvestIndustrial,1
Volcanics Ventures,1
Vertex Ventures China,1
Quiet Ventures,1
ETFS Capital,1
Collab+Currency,1
Black Pearl Ventures,1
Stonebridge Ventures,1
Gaingels,1
